{"lengthMu":5.0,"widthMu":1.1699999570846558,"lengthSigma":1.149999976158142,"widthSigma":0.6700000166893005,"numWhiskers":50,"numIterations":1,"xCoord":3.0,"yCoord":1.0,"zCoord":3.0,"whiskMat":0,"distributionDropdown":0,"gravity":0}