{"lengthMu":10.0,"widthMu":1.1699999570846558,"lengthSigma":1.149999976158142,"widthSigma":0.6700000166893005,"numWhiskers":50,"numIterations":1}